{
    "rmse": 0.6808477631344283,
    "mae": 0.5332512770443756,
    "r2": 0.28324985503894773
}