{
    "rmse": 0.705998562372881,
    "mae": 0.5400857091488109,
    "r2": 0.22935492238788657
}